{ 
	"metadata": {
		"startTimestamp": 1578610800000,
		"endTimestamp": 1578696300000,
		"tempAggInterval": 900
	},
	"timeseries": {
		"id": TestSensor,
		"values": [59.4615384615385,59.5,60.4545454545455,65.0909090909091,55,58.5555555555556,75,62.75,63.1111111111111,58.5,59.6666666666667,63.5,68.25,63.125,60.4285714285714,57.2857142857143,58.375,61.5833333333333,63.5714285714286,66.7777777777778,62.75,62.375,58.4814814814815,61.4782608695652,58.9574468085106,58.6363636363636,57.5238095238095,56.3661971830986,53.832,54.5625,49.8740740740741,54.1363636363636,54.1,53.9624060150376,54.9015151515151,54.1785714285714,53.6524822695035,53.7950819672131,54.0406504065041,54.2876712328767,53.0961538461538,50.7597402597403,50.230303030303,51.8867924528302,51.3694267515924,45.1412429378531,44.2472527472527,46.112426035503,45.6100917431193,46.9385964912281,47.5175438596491,43.8034934497817,42.7354260089686,49.2182741116751,45.3913043478261,46.8991228070175,44.9150943396226,47.4803921568627,49.0714285714286,51.8837209302326,48.9625668449198,50.2611111111111,50.171270718232,48.4039408866995,49.5,49.1147540983607,47.8816568047337,46.5697674418605,46.1479591836735,47.9946808510638,42.9303482587065,48.5721153846154,47.703125,45.3366336633663,49.4465408805031,52.3291925465838,52.6507936507937,52.6417910447761,55.0642201834862,53.9435483870968,54.5555555555556,53.3230769230769,55.2054794520548,57.6212121212121,56.1794871794872,56.8933333333333,57.7547169811321,56.1794871794872,55.2631578947368,56.1044776119403,53.5833333333333,56.5428571428571,57,57.1914893617021,55.1794871794872,58.3684210526316],
		"VQS": ["A","A","A","A","A","A","A","A","A","A","A","A","A","A","A","A","A","A","A","A","A","A","A","A","A","A","B","B","C","C","C","C","C","C","C","C","C","C","C","C","D","D","D","D","D","D","E","D","F","F","F","F","F","E","F","F","F","F","E","D","E","D","E","F","F","E","D","D","E","E","F","F","E","F","D","D","C","C","B","C","B","C","B","B","B","B","A","B","B","B","B","B","A","A","A","A"]
	}
}

